video,content,resolution,bitrate
F12_from_boise_idaho_res=1080_bitrate=reference.avi,F12_from_boise_idaho,1080,reference
M7_performing_CPR_res=480_bitrate=0.25.avi,M7_performing_CPR,480,0.25
M6_black_bear_between_two_men_res=480_bitrate=2.avi,M6_black_bear_between_two_men,480,2
F7_here_and_there_res=480_bitrate=0.25.avi,F7_here_and_there,480,0.25
M6_black_bear_between_two_men_res=480_bitrate=0.25.avi,M6_black_bear_between_two_men,480,0.25
M3_died_at_32_res=720_bitrate=0.25.avi,M3_died_at_32,720,0.25
M6_black_bear_between_two_men_res=360_bitrate=0.8.avi,M6_black_bear_between_two_men,360,0.8
M2_back_tire_res=1080_bitrate=2.avi,M2_back_tire,1080,2
F3_wican_versus_religion_res=720_bitrate=0.25.avi,F3_wican_versus_religion,720,0.25
F12_matching_pattern_res=1080_bitrate=0.8.avi,F12_matching_pattern,1080,0.8
M4_four_tvs_res=720_bitrate=0.25.avi,M4_four_tvs,720,0.25
M3_died_at_32_res=480_bitrate=2.avi,M3_died_at_32,480,2
F12_from_boise_idaho_res=720_bitrate=2.avi,F12_from_boise_idaho,720,2
F12_matching_pattern_res=1080_bitrate=reference.avi,F12_matching_pattern,1080,reference
M6_black_bear_between_two_men_res=1080_bitrate=2.avi,M6_black_bear_between_two_men,1080,2
F10_no_she_is_not_deaf_res=480_bitrate=2.avi,F10_no_she_is_not_deaf,480,2
F7_here_and_there_res=360_bitrate=0.8.avi,F7_here_and_there,360,0.8
M5_heart_beats_fast_res=480_bitrate=0.25.avi,M5_heart_beats_fast,480,0.25
M4_four_tvs_res=480_bitrate=0.8.avi,M4_four_tvs,480,0.8
M2_back_tire_res=480_bitrate=2.avi,M2_back_tire,480,2
M8_Quaker_res=480_bitrate=0.8.avi,M8_Quaker,480,0.8
M5_heart_beats_fast_res=720_bitrate=2.avi,M5_heart_beats_fast,720,2
M9_bowler_domates_res=360_bitrate=0.8.avi,M9_bowler_domates,360,0.8
M5_heart_beats_fast_res=480_bitrate=2.avi,M5_heart_beats_fast,480,2
M2_back_tire_res=1080_bitrate=reference.avi,M2_back_tire,1080,reference
M5_heart_beats_fast_res=360_bitrate=0.8.avi,M5_heart_beats_fast,360,0.8
M7_performing_CPR_res=720_bitrate=0.8.avi,M7_performing_CPR,720,0.8
F12_matching_pattern_res=1080_bitrate=2.avi,F12_matching_pattern,1080,2
F7_here_and_there_res=720_bitrate=0.8.avi,F7_here_and_there,720,0.8
F3_wican_versus_religion_res=480_bitrate=2.avi,F3_wican_versus_religion,480,2
M9_bowler_domates_res=1080_bitrate=0.8.avi,M9_bowler_domates,1080,0.8
M5_heart_beats_fast_res=720_bitrate=0.25.avi,M5_heart_beats_fast,720,0.25
M3_died_at_32_res=720_bitrate=0.8.avi,M3_died_at_32,720,0.8
F12_from_boise_idaho_res=1080_bitrate=0.8.avi,F12_from_boise_idaho,1080,0.8
M9_bowler_domates_res=1080_bitrate=reference.avi,M9_bowler_domates,1080,reference
F12_buttons_on_sleeve_res=720_bitrate=0.25.avi,F12_buttons_on_sleeve,720,0.25
F10_no_she_is_not_deaf_res=720_bitrate=0.8.avi,F10_no_she_is_not_deaf,720,0.8
F12_from_boise_idaho_res=480_bitrate=0.8.avi,F12_from_boise_idaho,480,0.8
F3_wican_versus_religion_res=720_bitrate=0.8.avi,F3_wican_versus_religion,720,0.8
M4_four_tvs_res=480_bitrate=0.25.avi,M4_four_tvs,480,0.25
M2_back_tire_res=480_bitrate=0.25.avi,M2_back_tire,480,0.25
F12_matching_pattern_res=480_bitrate=2.avi,F12_matching_pattern,480,2
M2_cheat_code_res=720_bitrate=2.avi,M2_cheat_code,720,2
F12_matching_pattern_res=720_bitrate=0.8.avi,F12_matching_pattern,720,0.8
M2_cheat_code_res=480_bitrate=0.8.avi,M2_cheat_code,480,0.8
F12_matching_pattern_res=480_bitrate=0.25.avi,F12_matching_pattern,480,0.25
F3_wican_versus_religion_res=480_bitrate=0.8.avi,F3_wican_versus_religion,480,0.8
F7_here_and_there_res=1080_bitrate=2.avi,F7_here_and_there,1080,2
M5_heart_beats_fast_res=1080_bitrate=0.8.avi,M5_heart_beats_fast,1080,0.8
M4_four_tvs_res=480_bitrate=2.avi,M4_four_tvs,480,2
M3_died_at_32_res=360_bitrate=0.8.avi,M3_died_at_32,360,0.8
F3_wican_versus_religion_res=1080_bitrate=reference.avi,F3_wican_versus_religion,1080,reference
M4_four_tvs_res=1080_bitrate=0.8.avi,M4_four_tvs,1080,0.8
F10_no_she_is_not_deaf_res=720_bitrate=0.25.avi,F10_no_she_is_not_deaf,720,0.25
M2_back_tire_res=360_bitrate=0.8.avi,M2_back_tire,360,0.8
F10_no_she_is_not_deaf_res=720_bitrate=2.avi,F10_no_she_is_not_deaf,720,2
F12_buttons_on_sleeve_res=1080_bitrate=2.avi,F12_buttons_on_sleeve,1080,2
M3_died_at_32_res=1080_bitrate=reference.avi,M3_died_at_32,1080,reference
F10_no_she_is_not_deaf_res=480_bitrate=0.8.avi,F10_no_she_is_not_deaf,480,0.8
M9_bowler_domates_res=480_bitrate=0.25.avi,M9_bowler_domates,480,0.25
M2_cheat_code_res=1080_bitrate=0.8.avi,M2_cheat_code,1080,0.8
M9_bowler_domates_res=1080_bitrate=2.avi,M9_bowler_domates,1080,2
M8_Quaker_res=720_bitrate=0.8.avi,M8_Quaker,720,0.8
M2_back_tire_res=1080_bitrate=0.8.avi,M2_back_tire,1080,0.8
M6_black_bear_between_two_men_res=1080_bitrate=reference.avi,M6_black_bear_between_two_men,1080,reference
F7_here_and_there_res=720_bitrate=0.25.avi,F7_here_and_there,720,0.25
M6_black_bear_between_two_men_res=720_bitrate=0.8.avi,M6_black_bear_between_two_men,720,0.8
M3_died_at_32_res=1080_bitrate=2.avi,M3_died_at_32,1080,2
F3_wican_versus_religion_res=720_bitrate=2.avi,F3_wican_versus_religion,720,2
F10_no_she_is_not_deaf_res=360_bitrate=0.8.avi,F10_no_she_is_not_deaf,360,0.8
M8_Quaker_res=720_bitrate=2.avi,M8_Quaker,720,2
F12_buttons_on_sleeve_res=480_bitrate=0.25.avi,F12_buttons_on_sleeve,480,0.25
M7_performing_CPR_res=360_bitrate=0.8.avi,M7_performing_CPR,360,0.8
F12_matching_pattern_res=480_bitrate=0.8.avi,F12_matching_pattern,480,0.8
F10_no_she_is_not_deaf_res=1080_bitrate=reference.avi,F10_no_she_is_not_deaf,1080,reference
M8_Quaker_res=720_bitrate=0.25.avi,M8_Quaker,720,0.25
F12_buttons_on_sleeve_res=480_bitrate=0.8.avi,F12_buttons_on_sleeve,480,0.8
F3_wican_versus_religion_res=480_bitrate=0.25.avi,F3_wican_versus_religion,480,0.25
M7_performing_CPR_res=720_bitrate=2.avi,M7_performing_CPR,720,2
M2_cheat_code_res=480_bitrate=0.25.avi,M2_cheat_code,480,0.25
M7_performing_CPR_res=480_bitrate=0.8.avi,M7_performing_CPR,480,0.8
M6_black_bear_between_two_men_res=720_bitrate=2.avi,M6_black_bear_between_two_men,720,2
M3_died_at_32_res=480_bitrate=0.25.avi,M3_died_at_32,480,0.25
F7_here_and_there_res=480_bitrate=0.8.avi,F7_here_and_there,480,0.8
M9_bowler_domates_res=720_bitrate=0.8.avi,M9_bowler_domates,720,0.8
F12_matching_pattern_res=720_bitrate=0.25.avi,F12_matching_pattern,720,0.25
M5_heart_beats_fast_res=720_bitrate=0.8.avi,M5_heart_beats_fast,720,0.8
M8_Quaker_res=1080_bitrate=2.avi,M8_Quaker,1080,2
F12_buttons_on_sleeve_res=360_bitrate=0.8.avi,F12_buttons_on_sleeve,360,0.8
M9_bowler_domates_res=720_bitrate=0.25.avi,M9_bowler_domates,720,0.25
F12_buttons_on_sleeve_res=1080_bitrate=0.8.avi,F12_buttons_on_sleeve,1080,0.8
M2_cheat_code_res=360_bitrate=0.8.avi,M2_cheat_code,360,0.8
M2_back_tire_res=720_bitrate=0.25.avi,M2_back_tire,720,0.25
F10_no_she_is_not_deaf_res=1080_bitrate=0.8.avi,F10_no_she_is_not_deaf,1080,0.8
M9_bowler_domates_res=720_bitrate=2.avi,M9_bowler_domates,720,2
F7_here_and_there_res=1080_bitrate=reference.avi,F7_here_and_there,1080,reference
F3_wican_versus_religion_res=1080_bitrate=2.avi,F3_wican_versus_religion,1080,2
M6_black_bear_between_two_men_res=720_bitrate=0.25.avi,M6_black_bear_between_two_men,720,0.25
M5_heart_beats_fast_res=480_bitrate=0.8.avi,M5_heart_beats_fast,480,0.8
M6_black_bear_between_two_men_res=1080_bitrate=0.8.avi,M6_black_bear_between_two_men,1080,0.8
F12_buttons_on_sleeve_res=720_bitrate=2.avi,F12_buttons_on_sleeve,720,2
M6_black_bear_between_two_men_res=480_bitrate=0.8.avi,M6_black_bear_between_two_men,480,0.8
M4_four_tvs_res=1080_bitrate=reference.avi,M4_four_tvs,1080,reference
F12_buttons_on_sleeve_res=720_bitrate=0.8.avi,F12_buttons_on_sleeve,720,0.8
M2_cheat_code_res=720_bitrate=0.8.avi,M2_cheat_code,720,0.8
M3_died_at_32_res=720_bitrate=2.avi,M3_died_at_32,720,2
M7_performing_CPR_res=1080_bitrate=2.avi,M7_performing_CPR,1080,2
F12_from_boise_idaho_res=1080_bitrate=2.avi,F12_from_boise_idaho,1080,2
M7_performing_CPR_res=1080_bitrate=0.8.avi,M7_performing_CPR,1080,0.8
F7_here_and_there_res=1080_bitrate=0.8.avi,F7_here_and_there,1080,0.8
F10_no_she_is_not_deaf_res=480_bitrate=0.25.avi,F10_no_she_is_not_deaf,480,0.25
F12_from_boise_idaho_res=480_bitrate=0.25.avi,F12_from_boise_idaho,480,0.25
M8_Quaker_res=360_bitrate=0.8.avi,M8_Quaker,360,0.8
M7_performing_CPR_res=1080_bitrate=reference.avi,M7_performing_CPR,1080,reference
M4_four_tvs_res=720_bitrate=0.8.avi,M4_four_tvs,720,0.8
M8_Quaker_res=480_bitrate=0.25.avi,M8_Quaker,480,0.25
M5_heart_beats_fast_res=1080_bitrate=2.avi,M5_heart_beats_fast,1080,2
F7_here_and_there_res=720_bitrate=2.avi,F7_here_and_there,720,2
M9_bowler_domates_res=480_bitrate=0.8.avi,M9_bowler_domates,480,0.8
F12_from_boise_idaho_res=720_bitrate=0.8.avi,F12_from_boise_idaho,720,0.8
M5_heart_beats_fast_res=1080_bitrate=reference.avi,M5_heart_beats_fast,1080,reference
M3_died_at_32_res=1080_bitrate=0.8.avi,M3_died_at_32,1080,0.8
F10_no_she_is_not_deaf_res=1080_bitrate=2.avi,F10_no_she_is_not_deaf,1080,2
F12_buttons_on_sleeve_res=480_bitrate=2.avi,F12_buttons_on_sleeve,480,2
M9_bowler_domates_res=480_bitrate=2.avi,M9_bowler_domates,480,2
F3_wican_versus_religion_res=360_bitrate=0.8.avi,F3_wican_versus_religion,360,0.8
F12_matching_pattern_res=720_bitrate=2.avi,F12_matching_pattern,720,2
M2_cheat_code_res=480_bitrate=2.avi,M2_cheat_code,480,2
M4_four_tvs_res=1080_bitrate=2.avi,M4_four_tvs,1080,2
M7_performing_CPR_res=720_bitrate=0.25.avi,M7_performing_CPR,720,0.25
M4_four_tvs_res=360_bitrate=0.8.avi,M4_four_tvs,360,0.8
M2_cheat_code_res=720_bitrate=0.25.avi,M2_cheat_code,720,0.25
M2_back_tire_res=720_bitrate=2.avi,M2_back_tire,720,2
M3_died_at_32_res=480_bitrate=0.8.avi,M3_died_at_32,480,0.8
F3_wican_versus_religion_res=1080_bitrate=0.8.avi,F3_wican_versus_religion,1080,0.8
M2_cheat_code_res=1080_bitrate=reference.avi,M2_cheat_code,1080,reference
M8_Quaker_res=1080_bitrate=reference.avi,M8_Quaker,1080,reference
M2_cheat_code_res=1080_bitrate=2.avi,M2_cheat_code,1080,2
F12_from_boise_idaho_res=480_bitrate=2.avi,F12_from_boise_idaho,480,2
F12_buttons_on_sleeve_res=1080_bitrate=reference.avi,F12_buttons_on_sleeve,1080,reference
M2_back_tire_res=720_bitrate=0.8.avi,M2_back_tire,720,0.8
F12_from_boise_idaho_res=360_bitrate=0.8.avi,F12_from_boise_idaho,360,0.8
M8_Quaker_res=1080_bitrate=0.8.avi,M8_Quaker,1080,0.8
F12_from_boise_idaho_res=720_bitrate=0.25.avi,F12_from_boise_idaho,720,0.25
F7_here_and_there_res=480_bitrate=2.avi,F7_here_and_there,480,2
M2_back_tire_res=480_bitrate=0.8.avi,M2_back_tire,480,0.8
M4_four_tvs_res=720_bitrate=2.avi,M4_four_tvs,720,2
M8_Quaker_res=480_bitrate=2.avi,M8_Quaker,480,2
F12_matching_pattern_res=360_bitrate=0.8.avi,F12_matching_pattern,360,0.8
M7_performing_CPR_res=480_bitrate=2.avi,M7_performing_CPR,480,2
