video,content,resolution,bitrate
M4_cove_res=720_bitrate=0.25.avi,M4_cove,720,0.25
M4_tshirt_says_captain_res=720_bitrate=0.8.avi,M4_tshirt_says_captain,720,0.8
M1_scooby_doo_res=720_bitrate=0.25.avi,M1_scooby_doo,720,0.25
F12_buttons_on_sleeve_res=480_bitrate=0.25.avi,F12_buttons_on_sleeve,480,0.25
F10_no_she_is_not_deaf_res=1080_bitrate=0.8.avi,F10_no_she_is_not_deaf,1080,0.8
F12_buttons_on_sleeve_res=720_bitrate=0.8.avi,F12_buttons_on_sleeve,720,0.8
M3_hold_tea_handle_res=480_bitrate=2.avi,M3_hold_tea_handle,480,2
M6_black_bear_between_two_men_res=480_bitrate=0.8.avi,M6_black_bear_between_two_men,480,0.8
M4_tshirt_says_captain_res=1080_bitrate=0.8.avi,M4_tshirt_says_captain,1080,0.8
M3_died_at_32_res=720_bitrate=0.8.avi,M3_died_at_32,720,0.8
M8_good_English_is_important_res=480_bitrate=2.avi,M8_good_English_is_important,480,2
F12_buttons_on_sleeve_res=1080_bitrate=2.avi,F12_buttons_on_sleeve,1080,2
M4_cove_res=480_bitrate=0.25.avi,M4_cove,480,0.25
F12_from_boise_idaho_res=720_bitrate=0.8.avi,F12_from_boise_idaho,720,0.8
M3_hold_tea_handle_res=480_bitrate=0.25.avi,M3_hold_tea_handle,480,0.25
F10_sign_permission_form_res=1080_bitrate=2.avi,F10_sign_permission_form,1080,2
M8_Quaker_res=360_bitrate=0.8.avi,M8_Quaker,360,0.8
F12_from_boise_idaho_res=480_bitrate=2.avi,F12_from_boise_idaho,480,2
M8_good_English_is_important_res=360_bitrate=0.8.avi,M8_good_English_is_important,360,0.8
F10_sign_permission_form_res=480_bitrate=0.8.avi,F10_sign_permission_form,480,0.8
F12_from_boise_idaho_res=480_bitrate=0.25.avi,F12_from_boise_idaho,480,0.25
M3_hold_tea_handle_res=1080_bitrate=2.avi,M3_hold_tea_handle,1080,2
M8_good_English_is_important_res=720_bitrate=2.avi,M8_good_English_is_important,720,2
M3_died_at_32_res=1080_bitrate=0.8.avi,M3_died_at_32,1080,0.8
M4_tshirt_says_captain_res=720_bitrate=0.25.avi,M4_tshirt_says_captain,720,0.25
M3_died_at_32_res=480_bitrate=0.8.avi,M3_died_at_32,480,0.8
M7_performing_CPR_res=1080_bitrate=0.8.avi,M7_performing_CPR,1080,0.8
M1_scooby_doo_res=1080_bitrate=reference.avi,M1_scooby_doo,1080,reference
F12_matching_pattern_res=1080_bitrate=0.8.avi,F12_matching_pattern,1080,0.8
F10_sign_permission_form_res=480_bitrate=2.avi,F10_sign_permission_form,480,2
F6_layer_after_layer_res=480_bitrate=0.8.avi,F6_layer_after_layer,480,0.8
F12_buttons_on_sleeve_res=720_bitrate=0.25.avi,F12_buttons_on_sleeve,720,0.25
F10_no_she_is_not_deaf_res=720_bitrate=2.avi,F10_no_she_is_not_deaf,720,2
M8_Quaker_res=720_bitrate=2.avi,M8_Quaker,720,2
F10_no_she_is_not_deaf_res=480_bitrate=2.avi,F10_no_she_is_not_deaf,480,2
M3_died_at_32_res=480_bitrate=2.avi,M3_died_at_32,480,2
M1_scooby_doo_res=720_bitrate=2.avi,M1_scooby_doo,720,2
F6_layer_after_layer_res=720_bitrate=2.avi,F6_layer_after_layer,720,2
F12_matching_pattern_res=720_bitrate=0.25.avi,F12_matching_pattern,720,0.25
F6_layer_after_layer_res=1080_bitrate=0.8.avi,F6_layer_after_layer,1080,0.8
M6_black_bear_between_two_men_res=1080_bitrate=2.avi,M6_black_bear_between_two_men,1080,2
F12_matching_pattern_res=1080_bitrate=2.avi,F12_matching_pattern,1080,2
M6_black_bear_between_two_men_res=480_bitrate=0.25.avi,M6_black_bear_between_two_men,480,0.25
F10_no_she_is_not_deaf_res=720_bitrate=0.25.avi,F10_no_she_is_not_deaf,720,0.25
F12_matching_pattern_res=1080_bitrate=reference.avi,F12_matching_pattern,1080,reference
M8_good_English_is_important_res=480_bitrate=0.25.avi,M8_good_English_is_important,480,0.25
F6_layer_after_layer_res=720_bitrate=0.25.avi,F6_layer_after_layer,720,0.25
F10_no_she_is_not_deaf_res=360_bitrate=0.8.avi,F10_no_she_is_not_deaf,360,0.8
F6_layer_after_layer_res=1080_bitrate=2.avi,F6_layer_after_layer,1080,2
M3_hold_tea_handle_res=360_bitrate=0.8.avi,M3_hold_tea_handle,360,0.8
M4_tshirt_says_captain_res=1080_bitrate=reference.avi,M4_tshirt_says_captain,1080,reference
M3_died_at_32_res=360_bitrate=0.8.avi,M3_died_at_32,360,0.8
F10_sign_permission_form_res=720_bitrate=0.25.avi,F10_sign_permission_form,720,0.25
M1_scooby_doo_res=1080_bitrate=2.avi,M1_scooby_doo,1080,2
M6_black_bear_between_two_men_res=720_bitrate=0.8.avi,M6_black_bear_between_two_men,720,0.8
F12_buttons_on_sleeve_res=1080_bitrate=reference.avi,F12_buttons_on_sleeve,1080,reference
F10_sign_permission_form_res=1080_bitrate=reference.avi,F10_sign_permission_form,1080,reference
F12_from_boise_idaho_res=720_bitrate=0.25.avi,F12_from_boise_idaho,720,0.25
M3_died_at_32_res=1080_bitrate=2.avi,M3_died_at_32,1080,2
F12_matching_pattern_res=480_bitrate=2.avi,F12_matching_pattern,480,2
M3_hold_tea_handle_res=1080_bitrate=0.8.avi,M3_hold_tea_handle,1080,0.8
F10_sign_permission_form_res=720_bitrate=0.8.avi,F10_sign_permission_form,720,0.8
F10_no_she_is_not_deaf_res=480_bitrate=0.25.avi,F10_no_she_is_not_deaf,480,0.25
M8_Quaker_res=1080_bitrate=0.8.avi,M8_Quaker,1080,0.8
F6_layer_after_layer_res=360_bitrate=0.8.avi,F6_layer_after_layer,360,0.8
M4_tshirt_says_captain_res=720_bitrate=2.avi,M4_tshirt_says_captain,720,2
F12_matching_pattern_res=480_bitrate=0.8.avi,F12_matching_pattern,480,0.8
F12_buttons_on_sleeve_res=1080_bitrate=0.8.avi,F12_buttons_on_sleeve,1080,0.8
M3_hold_tea_handle_res=480_bitrate=0.8.avi,M3_hold_tea_handle,480,0.8
M4_cove_res=1080_bitrate=reference.avi,M4_cove,1080,reference
M8_Quaker_res=480_bitrate=0.25.avi,M8_Quaker,480,0.25
F6_layer_after_layer_res=1080_bitrate=reference.avi,F6_layer_after_layer,1080,reference
M4_cove_res=1080_bitrate=0.8.avi,M4_cove,1080,0.8
F12_matching_pattern_res=720_bitrate=0.8.avi,F12_matching_pattern,720,0.8
F10_sign_permission_form_res=1080_bitrate=0.8.avi,F10_sign_permission_form,1080,0.8
M7_performing_CPR_res=720_bitrate=2.avi,M7_performing_CPR,720,2
M8_Quaker_res=480_bitrate=2.avi,M8_Quaker,480,2
F12_buttons_on_sleeve_res=480_bitrate=2.avi,F12_buttons_on_sleeve,480,2
M7_performing_CPR_res=480_bitrate=2.avi,M7_performing_CPR,480,2
F12_from_boise_idaho_res=480_bitrate=0.8.avi,F12_from_boise_idaho,480,0.8
M6_black_bear_between_two_men_res=360_bitrate=0.8.avi,M6_black_bear_between_two_men,360,0.8
M3_died_at_32_res=720_bitrate=2.avi,M3_died_at_32,720,2
M6_black_bear_between_two_men_res=1080_bitrate=0.8.avi,M6_black_bear_between_two_men,1080,0.8
M4_tshirt_says_captain_res=360_bitrate=0.8.avi,M4_tshirt_says_captain,360,0.8
F12_matching_pattern_res=360_bitrate=0.8.avi,F12_matching_pattern,360,0.8
M1_scooby_doo_res=360_bitrate=0.8.avi,M1_scooby_doo,360,0.8
M8_good_English_is_important_res=720_bitrate=0.8.avi,M8_good_English_is_important,720,0.8
F6_layer_after_layer_res=480_bitrate=2.avi,F6_layer_after_layer,480,2
M1_scooby_doo_res=480_bitrate=0.25.avi,M1_scooby_doo,480,0.25
M3_hold_tea_handle_res=720_bitrate=0.25.avi,M3_hold_tea_handle,720,0.25
F12_from_boise_idaho_res=1080_bitrate=2.avi,F12_from_boise_idaho,1080,2
M8_Quaker_res=1080_bitrate=reference.avi,M8_Quaker,1080,reference
M4_cove_res=1080_bitrate=2.avi,M4_cove,1080,2
M1_scooby_doo_res=720_bitrate=0.8.avi,M1_scooby_doo,720,0.8
M4_tshirt_says_captain_res=1080_bitrate=2.avi,M4_tshirt_says_captain,1080,2
M8_good_English_is_important_res=1080_bitrate=0.8.avi,M8_good_English_is_important,1080,0.8
M8_Quaker_res=720_bitrate=0.8.avi,M8_Quaker,720,0.8
M3_died_at_32_res=1080_bitrate=reference.avi,M3_died_at_32,1080,reference
M1_scooby_doo_res=480_bitrate=2.avi,M1_scooby_doo,480,2
F6_layer_after_layer_res=480_bitrate=0.25.avi,F6_layer_after_layer,480,0.25
M4_tshirt_says_captain_res=480_bitrate=0.25.avi,M4_tshirt_says_captain,480,0.25
M8_good_English_is_important_res=480_bitrate=0.8.avi,M8_good_English_is_important,480,0.8
M7_performing_CPR_res=1080_bitrate=2.avi,M7_performing_CPR,1080,2
F12_buttons_on_sleeve_res=480_bitrate=0.8.avi,F12_buttons_on_sleeve,480,0.8
M7_performing_CPR_res=720_bitrate=0.8.avi,M7_performing_CPR,720,0.8
M8_Quaker_res=480_bitrate=0.8.avi,M8_Quaker,480,0.8
M7_performing_CPR_res=720_bitrate=0.25.avi,M7_performing_CPR,720,0.25
M8_good_English_is_important_res=1080_bitrate=2.avi,M8_good_English_is_important,1080,2
M4_tshirt_says_captain_res=480_bitrate=2.avi,M4_tshirt_says_captain,480,2
M3_died_at_32_res=720_bitrate=0.25.avi,M3_died_at_32,720,0.25
F12_from_boise_idaho_res=360_bitrate=0.8.avi,F12_from_boise_idaho,360,0.8
M6_black_bear_between_two_men_res=720_bitrate=2.avi,M6_black_bear_between_two_men,720,2
M8_good_English_is_important_res=720_bitrate=0.25.avi,M8_good_English_is_important,720,0.25
M6_black_bear_between_two_men_res=1080_bitrate=reference.avi,M6_black_bear_between_two_men,1080,reference
F10_sign_permission_form_res=480_bitrate=0.25.avi,F10_sign_permission_form,480,0.25
M3_hold_tea_handle_res=720_bitrate=2.avi,M3_hold_tea_handle,720,2
M6_black_bear_between_two_men_res=720_bitrate=0.25.avi,M6_black_bear_between_two_men,720,0.25
F10_no_she_is_not_deaf_res=1080_bitrate=2.avi,F10_no_she_is_not_deaf,1080,2
F12_buttons_on_sleeve_res=720_bitrate=2.avi,F12_buttons_on_sleeve,720,2
F10_no_she_is_not_deaf_res=1080_bitrate=reference.avi,F10_no_she_is_not_deaf,1080,reference
M7_performing_CPR_res=360_bitrate=0.8.avi,M7_performing_CPR,360,0.8
F10_no_she_is_not_deaf_res=720_bitrate=0.8.avi,F10_no_she_is_not_deaf,720,0.8
M4_cove_res=480_bitrate=0.8.avi,M4_cove,480,0.8
F12_matching_pattern_res=480_bitrate=0.25.avi,F12_matching_pattern,480,0.25
M8_Quaker_res=720_bitrate=0.25.avi,M8_Quaker,720,0.25
F12_buttons_on_sleeve_res=360_bitrate=0.8.avi,F12_buttons_on_sleeve,360,0.8
F10_no_she_is_not_deaf_res=480_bitrate=0.8.avi,F10_no_she_is_not_deaf,480,0.8
M3_hold_tea_handle_res=720_bitrate=0.8.avi,M3_hold_tea_handle,720,0.8
M8_Quaker_res=1080_bitrate=2.avi,M8_Quaker,1080,2
M4_cove_res=720_bitrate=2.avi,M4_cove,720,2
F10_sign_permission_form_res=360_bitrate=0.8.avi,F10_sign_permission_form,360,0.8
F12_from_boise_idaho_res=1080_bitrate=0.8.avi,F12_from_boise_idaho,1080,0.8
F10_sign_permission_form_res=720_bitrate=2.avi,F10_sign_permission_form,720,2
M3_hold_tea_handle_res=1080_bitrate=reference.avi,M3_hold_tea_handle,1080,reference
M7_performing_CPR_res=480_bitrate=0.8.avi,M7_performing_CPR,480,0.8
M6_black_bear_between_two_men_res=480_bitrate=2.avi,M6_black_bear_between_two_men,480,2
M7_performing_CPR_res=1080_bitrate=reference.avi,M7_performing_CPR,1080,reference
M4_cove_res=360_bitrate=0.8.avi,M4_cove,360,0.8
M8_good_English_is_important_res=1080_bitrate=reference.avi,M8_good_English_is_important,1080,reference
M1_scooby_doo_res=480_bitrate=0.8.avi,M1_scooby_doo,480,0.8
M3_died_at_32_res=480_bitrate=0.25.avi,M3_died_at_32,480,0.25
F12_matching_pattern_res=720_bitrate=2.avi,F12_matching_pattern,720,2
M4_cove_res=480_bitrate=2.avi,M4_cove,480,2
M7_performing_CPR_res=480_bitrate=0.25.avi,M7_performing_CPR,480,0.25
M4_cove_res=720_bitrate=0.8.avi,M4_cove,720,0.8
M1_scooby_doo_res=1080_bitrate=0.8.avi,M1_scooby_doo,1080,0.8
F12_from_boise_idaho_res=720_bitrate=2.avi,F12_from_boise_idaho,720,2
M4_tshirt_says_captain_res=480_bitrate=0.8.avi,M4_tshirt_says_captain,480,0.8
F6_layer_after_layer_res=720_bitrate=0.8.avi,F6_layer_after_layer,720,0.8
F12_from_boise_idaho_res=1080_bitrate=reference.avi,F12_from_boise_idaho,1080,reference
